ms,rss_bytes,hwm_bytes,virtual_bytes,threads,fd_count,socket_fd_count,cpu_seconds
17.103,1294336,1294336,1258975232,1,3,0,0.01
74.946,6819840,6819840,1260941312,4,10,5,0.01
126.288,6819840,6819840,1260941312,4,10,5,0.01
176.765,6832128,6832128,1260941312,4,10,5,0.01
227.229,6832128,6832128,1260941312,4,10,5,0.01
375.665,6860800,6860800,1261203456,4,10,5,0.01
426.205,6860800,6860800,1261203456,4,10,5,0.01
476.958,6864896,6864896,1261203456,4,10,5,0.01
527.421,6864896,6864896,1261203456,4,10,5,0.01
578.149,6918144,6918144,1261203456,4,6,1,0.01
628.59,6918144,6918144,1261203456,4,6,1,0.01
679.075,6922240,6922240,1261203456,4,6,1,0.01
729.645,6922240,6922240,1261203456,4,6,1,0.01
780.164,6922240,6922240,1261203456,4,6,1,0.01
830.646,6922240,6922240,1261203456,4,6,1,0.01
882.251,6934528,6934528,1261203456,4,6,1,0.01
932.697,6934528,6934528,1261203456,4,6,1,0.01
983.291,6934528,6934528,1261203456,4,6,1,0.01
1033.789,6934528,6934528,1261203456,4,6,1,0.01
1084.304,6934528,6934528,1261203456,4,6,1,0.01
1134.805,6934528,6934528,1261203456,4,6,1,0.01
1185.256,6934528,6934528,1261203456,4,6,1,0.01
1235.744,6934528,6934528,1261203456,4,6,1,0.01
1286.204,6934528,6934528,1261203456,4,6,1,0.01
1336.632,6934528,6934528,1261203456,4,6,1,0.01
1388.011,6934528,6934528,1261203456,4,6,1,0.01
1438.505,6934528,6934528,1261203456,4,6,1,0.01
1488.946,6934528,6934528,1261203456,4,6,1,0.01
1539.406,6934528,6934528,1261203456,4,6,1,0.01
1589.837,6934528,6934528,1261203456,4,6,1,0.01
1640.535,6934528,6934528,1261203456,4,6,1,0.01
1691.795,6934528,6934528,1261203456,4,6,1,0.01
1742.243,6934528,6934528,1261203456,4,6,1,0.01
1793.431,6934528,6934528,1261203456,4,6,1,0.01
1843.843,6934528,6934528,1261203456,4,6,1,0.01
1894.273,6934528,6934528,1261203456,4,6,1,0.01
1944.72,6934528,6934528,1261203456,4,6,1,0.01
1995.141,6934528,6934528,1261203456,4,6,1,0.01
2045.995,6934528,6934528,1261203456,4,6,1,0.01
2096.495,15867904,15867904,1261531136,4,8,3,0.03
2147.313,16035840,16035840,1261596672,4,8,3,0.04
2197.737,16035840,16035840,1261596672,4,8,3,0.04
2248.413,16035840,16035840,1261596672,4,8,3,0.04
2299.302,16035840,16035840,1261596672,4,8,3,0.04
