group,run_id,success_per_second,cpu_seconds_per_success,allocated_bytes_per_success,latency_p50_ms,latency_p95_ms,latency_p99_ms,ttfb_p99_ms,mean_core_utilization,max_inflight,go_runtime_bytes_end,gc_cycles,load_pss_peak_kib,load_rss_peak_kib,lifetime_pss_peak_kib,observer_cpu_seconds,overlap_sum_pss_peak_kib,combined_cpu_seconds
stable_sse-baseline,stable_sse-baseline-r1,59.98729682008255,0.0022764333333333336,1294928.9333333333,2.489504,3.321984,4.162767,0.692917,0.1365570820577966,1,9254152,57,12648,12652,12648,0.04738347799999998,,
stable_sse-candidate,stable_sse-candidate-r1,59.99746372721586,0.0014698,893463.2666666667,1.921435,2.460307,2.911194,0.600277,0.08818427218626188,1,9172232,40,12264,12268,12268,0.04965698299999999,,
stable_sse-candidate,stable_sse-candidate-r2,59.98956646462656,0.001504758333333333,893456.1333333333,1.804672,2.836964,3.910874,0.605415,0.09026980005070068,1,9131272,38,12256,12260,12256,0.05183675199999993,,
stable_sse-baseline,stable_sse-baseline-r2,59.997649322098376,0.002262175,1294882.8,2.430705,3.314418,3.670218,0.541619,0.1357251823552179,1,9196808,57,12472,12476,12472,0.04711205299999999,,
stable_sse-baseline,stable_sse-baseline-r3,59.9807885732855,0.0027813666666666667,1294883.5333333334,2.645105,4.159654,15.306774,1.155206,0.16682856597811718,2,9196808,57,12920,12924,12920,0.051531409000000084,,
stable_sse-candidate,stable_sse-candidate-r3,59.99841259199885,0.0013589916666666667,893467.2666666667,1.738441,2.283994,2.527144,0.37056,0.08153734272575484,1,9106696,39,12236,12240,12236,0.04672623500000017,,
small_sse-baseline,small_sse-baseline-r1,59.978684145452206,0.00062815,89485.53333333334,1.142407,1.643734,3.379689,2.417894,0.037675610445965804,1,9655560,3,12636,12640,12636,0.0541116880000001,,
small_sse-candidate,small_sse-candidate-r1,59.99264919068364,0.000495475,64331.333333333336,0.906457,1.44558,1.599005,0.499705,0.029724857857753976,1,9983240,2,12720,12724,12720,0.05253389400000008,,
small_sse-candidate,small_sse-candidate-r2,59.97547333005904,0.0005315000000000001,64333.86666666667,1.060784,1.546211,1.749996,0.89386,0.03187696407492638,1,9655560,2,12744,12748,12744,0.05706166199999996,,
small_sse-baseline,small_sse-baseline-r2,59.990468954254425,0.0005521250000000001,89527.06666666667,1.063163,1.55582,1.867639,0.77397,0.03312223767136773,1,9721096,3,12732,12736,12736,0.05683726499999997,,
small_sse-baseline,small_sse-baseline-r3,59.981259875033466,0.0004969666666666666,89485.8,1.058126,1.466759,1.511867,0.530722,0.029808686782562464,1,9712904,3,12740,12744,12740,0.048419144000000136,,
small_sse-candidate,small_sse-candidate-r3,59.99011890753451,0.00048315833333333335,64290.53333333333,1.084875,1.503908,1.552434,0.8337,0.02898472586783286,1,9917704,2,12696,12700,12696,0.054830525000000074,,
slow_reader-baseline,slow_reader-baseline-r1,19.991265296419098,0.0036837750000000002,1299561.8,39.730951,42.257276,47.250049,8.414011,0.07364332331731627,1,9188616,19,12348,12352,12348,0.06419736399999998,,
slow_reader-candidate,slow_reader-candidate-r1,19.99818159534481,0.00237085,898052.8,39.218949,40.686899,41.306602,0.770223,0.04741268883532324,1,9221384,10,12264,12268,12264,0.06050201699999991,,
slow_reader-candidate,slow_reader-candidate-r2,19.991867108541573,0.0024453,898053.2,38.993234,41.160498,41.303948,0.820379,0.048886112640516705,1,9221384,10,12248,12252,12248,0.0697481080000002,,
slow_reader-baseline,slow_reader-baseline-r2,19.999626836962666,0.0034712,1299562.2,39.762136,41.976624,44.108002,1.859229,0.0694227046764648,1,8942856,19,12324,12328,12324,0.07157463700000011,,
slow_reader-baseline,slow_reader-baseline-r3,19.996848596645414,0.0033214250000000002,1299563,39.441294,42.34875,43.329054,3.134154,0.066418032850113,1,9270536,19,12416,12420,12416,0.06518170999999984,,
slow_reader-candidate,slow_reader-candidate-r3,19.993656262788523,0.0022688,898050.8,38.618627,39.502858,39.650671,1.639275,0.0453616073290146,1,9221384,10,12284,12288,12284,0.056678247000000015,,
large_input-baseline,large_input-baseline-r1,11.999386183399173,0.0047532500000000005,3058109.6666666665,4.594134,5.391943,5.566052,3.522551,0.05703608237624212,1,9327880,33,13032,13036,13032,0.046650962000000074,,
large_input-candidate,large_input-candidate-r1,11.999458158467124,0.004289958333333333,2621555.3333333335,4.020912,5.763298,5.850757,4.87446,0.05147717552240069,1,9352456,29,13080,13084,13080,0.055504624999999974,,
large_input-candidate,large_input-candidate-r2,11.99946041426382,0.004692791666666667,2620186,4.559252,6.384213,7.34594,6.264128,0.05631096783655381,1,9803016,29,12884,12888,12884,0.05287463999999997,,
large_input-baseline,large_input-baseline-r2,11.999407457260354,0.0049072916666666674,2988777,4.821116,5.655331,5.870411,3.639345,0.0588845922199516,1,9073928,33,13440,13444,13440,0.05590809100000005,,
large_input-baseline,large_input-baseline-r3,11.999403821620527,0.004855041666666667,3012309.3333333335,4.771384,5.560777,5.819448,3.569461,0.0582576055291269,1,9360648,33,13332,13336,13332,0.0527126819999999,,
large_input-candidate,large_input-candidate-r3,11.999354476726893,0.004017208333333334,2620192,3.800717,4.860356,4.97825,3.962445,0.04820390679852791,1,9336072,29,13404,13408,13404,0.05558709699999986,,
large_result-baseline,large_result-baseline-r1,7.999659330507582,0.015589812499999998,10064230.5,15.372464,17.54884,17.54884,1.082434,0.1247131890264887,1,12137736,48,16032,16036,16032,0.058947547000000045,,
large_result-candidate,large_result-candidate-r1,7.999641880031957,0.0092190625,6910439,8.714931,13.6815,13.6815,2.331391,0.07374919846963211,1,14071048,32,16968,16972,16968,0.05832563599999996,,
large_result-candidate,large_result-candidate-r2,7.996789756724876,0.008648687499999998,6910431.5,8.749658,9.762619,9.762619,1.220494,0.06916173560911446,1,14071048,32,16956,16960,16956,0.05271463399999998,,
large_result-baseline,large_result-baseline-r2,7.99965025129119,0.015219812499999999,10064226.5,14.694288,17.323335,17.323335,1.395547,0.12175317689022977,1,9549064,64,14948,14952,16000,0.060137883,,
large_result-baseline,large_result-baseline-r3,7.999311111326059,0.014878500000000001,10064233,14.63728,15.705633,15.705633,0.891586,0.11901775036986477,1,9508104,64,14980,14984,15840,0.05901838599999998,,
large_result-candidate,large_result-candidate-r3,7.999614962532623,0.008914812499999999,6910442,8.752497,11.054883,11.054883,1.409519,0.07131506746317284,1,14071048,32,16972,16976,16972,0.068372412,,
json_control-baseline,json_control-baseline-r1,59.97723555028104,0.0013593416666666668,772767.2666666667,1.728018,2.302665,2.465433,0.544383,0.08152955533497828,1,9409800,33,12428,12432,12520,0.053821812999999996,,
json_control-candidate,json_control-candidate-r1,59.97726025153687,0.00146095,772760.3333333334,1.888284,2.520248,2.645363,0.606856,0.08762377836448279,1,9393416,33,12424,12428,12424,0.05533938100000002,,
json_control-candidate,json_control-candidate-r2,59.97269590088737,0.0015100916666666668,772776.4,1.885916,2.502328,2.999874,0.716452,0.09056426830746418,1,8942856,34,12400,12404,12400,0.06690576699999995,,
json_control-baseline,json_control-baseline-r2,59.9974493884316,0.00156725,772769.6,1.865739,2.951133,3.391172,0.643692,0.09403100255401943,1,8869128,35,12728,12732,12728,0.05910773299999983,,
json_control-baseline,json_control-baseline-r3,59.99735450664907,0.0018107499999999999,772767.5333333333,2.033246,4.147066,5.556126,1.325911,0.1086402096729148,1,9532680,34,12528,12532,12540,0.061546099000000076,,
json_control-candidate,json_control-candidate-r3,59.997424850528,0.001677533333333333,772757.3333333334,1.900361,2.771133,4.627403,0.624893,0.10064768010092238,1,8901896,33,12432,12436,12432,0.05485582999999994,,
idle-baseline,idle-baseline-r1,0,,,,,,,5.6990655498675584e-05,0,3152912,0,6520,6524,6524,0.05895145699999982,,
idle-candidate,idle-candidate-r1,0,,,,,,,3.649823319352764e-05,0,3152912,0,6516,6520,6520,0.04806014699999994,,
idle-candidate,idle-candidate-r2,0,,,,,,,7.398129227664056e-05,0,3152912,0,6520,6524,6524,0.04677655700000005,,
idle-baseline,idle-baseline-r2,0,,,,,,,3.899767287236782e-05,0,3152912,0,6520,6524,6524,0.045676594999999987,,
idle-baseline,idle-baseline-r3,0,,,,,,,4.39969296082721e-05,0,3152912,0,6524,6528,6528,0.048901313,,
idle-candidate,idle-candidate-r3,0,,,,,,,4.049742225807817e-05,0,3152912,0,6520,6524,6524,0.045368455000000196,,
setting-gc50,setting-gc50-r1,59.97889150875354,0.0017731666666666666,893955.3333333334,1.817909,3.070032,3.764092,0.606737,0.10635257112693815,1,7075080,90,10356,10360,10356,0.0529098509999999,,
setting-mem64,setting-mem64-r1,59.997615304783295,0.0015863666666666666,893464.4666666667,1.949139,2.885028,3.372711,0.878006,0.09517821699899806,1,9172232,40,12248,12252,12252,0.05649481199999995,,
setting-procs2,setting-procs2-r1,59.974274185024015,0.0025575833333333336,899028.0666666667,2.190535,4.208306,6.28264,1.802178,0.153389204084381,1,9499912,41,12780,12784,12780,0.0639927950000001,,
setting-gc50,setting-gc50-r2,59.97630270306269,0.002168808333333333,893954,2.157828,3.855559,5.652906,1.171058,0.13007710510492487,1,7091464,90,10332,10336,10332,0.068187738,,
setting-mem64,setting-mem64-r2,59.97951513621602,0.00172845,893476.1333333333,1.989413,3.057515,5.351991,0.955604,0.10367159293719258,1,9213192,40,12272,12276,12276,0.059874784999999875,,
setting-procs2,setting-procs2-r2,59.986836518587786,0.0024046749999999998,900795.6666666666,2.046262,3.181845,5.054253,0.928803,0.14424884610533506,1,9549064,42,12812,12816,12812,0.057514682000000095,,
setting-gc50,setting-gc50-r3,59.99741219161735,0.0018292333333333334,893995.3333333334,1.803356,2.937313,3.749021,1.199792,0.10974926629464618,1,7107848,90,10344,10348,10344,0.057372801000000084,,
setting-mem64,setting-mem64-r3,59.99670678076481,0.001456825,893506,1.896505,2.452838,2.900749,0.551634,0.0874047023558877,1,9016584,40,12236,12240,12236,0.05677502999999984,,
setting-procs2,setting-procs2-r3,59.97626637180015,0.00236825,900156.0666666667,2.1361,3.268341,6.543875,1.239062,0.14203879283501572,1,9827592,43,12748,12752,12748,0.056662229999999925,,
observer-off-baseline,observer-off-baseline-r1,59.97310856788958,0.0024981166666666666,1294936.9333333333,2.544496,4.173719,5.435081,1.330861,0.14981982206525443,1,9205000,57,,,,0.009474240999999939,,
observer-off-candidate,observer-off-candidate-r1,59.995209472516436,0.001461325,893464.3333333334,1.843024,2.71352,4.334485,0.62919,0.08767249948242509,1,9196808,40,,,,0.010077195000000039,,
observer-off-candidate,observer-off-candidate-r2,59.99595642252701,0.0016191416666666667,893467.4,1.947838,2.882765,7.380839,0.777475,0.09714195287523109,1,9229576,40,,,,0.010626246000000061,,
observer-off-baseline,observer-off-baseline-r2,59.990587986664885,0.0030401583333333334,1294936,3.096216,5.138191,6.297299,2.848022,0.1823808859892258,1,9262344,57,,,,0.01180506800000003,,
observer-off-baseline,observer-off-baseline-r3,59.985307948487446,0.002793883333333333,1294883.9333333333,2.911364,4.389151,5.228212,0.774871,0.1675919521221466,1,9270536,57,,,,0.010523123999999995,,
observer-off-candidate,observer-off-candidate-r3,59.997450438342355,0.001511025,893506.2666666667,1.79879,2.740829,3.186184,0.692486,0.09065764754859626,1,8951048,40,,,,0.009513141999999974,,
profile-cpu-baseline,profile-cpu-baseline-r1,59.98397294225354,0.0026557083333333333,1306812.0666666667,2.762658,3.944606,5.285051,0.659876,0.15929993680918392,1,9237768,72,13584,13588,13584,0.05541184599999993,,
profile-alloc-baseline,profile-alloc-baseline-r1,59.982246844463575,0.0024102000000000004,1294935.4,2.598169,3.527784,3.869671,0.554628,0.14456921134452613,1,9065736,58,13164,13168,13164,0.04619884699999999,,
profile-cpu-candidate,profile-cpu-candidate-r1,59.99692776731828,0.0015525083333333333,904819.3333333334,1.866788,2.664887,2.940683,0.789252,0.09314573033315969,1,9377032,58,13004,13008,13004,0.05541067299999991,,
profile-alloc-candidate,profile-alloc-candidate-r1,59.97202871596071,0.0015112083333333332,893497.5333333333,1.903947,2.480376,2.809807,0.780937,0.09063022956246579,1,9327880,38,12744,12748,13476,0.04862819000000007,,
profile-cpu-candidate,profile-cpu-candidate-r2,59.98070822487151,0.0016456499999999998,904859.8666666667,1.844918,2.919098,3.345116,0.877964,0.0987072524902598,1,9753864,59,13032,13036,13032,0.046645622,,
profile-alloc-candidate,profile-alloc-candidate-r2,59.997678929792926,0.0015228166666666667,893465.4,1.922905,2.594203,2.758124,0.634477,0.09136546543560417,1,9221384,40,12664,12668,12664,0.04454055899999987,,
profile-cpu-baseline,profile-cpu-baseline-r2,59.99755092996982,0.0027000166666666667,1306781.8666666667,2.693144,4.299528,4.68395,0.730471,0.1619943874701007,1,9475336,70,13572,13576,13572,0.050645461,,
profile-alloc-baseline,profile-alloc-baseline-r2,59.98368797590814,0.0026316083333333333,1294884.0666666667,2.8259,3.704252,4.487862,0.689048,0.15785357314146634,1,9524488,57,13344,13348,13608,0.05487283799999987,,
profile-cpu-baseline,profile-cpu-baseline-r3,59.99772767606086,0.002466683333333333,1306455.7333333334,2.60968,3.61069,3.987259,1.036072,0.1479953948964114,1,9516296,70,13520,13524,13520,0.04939713400000012,,
profile-alloc-baseline,profile-alloc-baseline-r3,59.997432169900556,0.0024791916666666667,1294876.9333333333,2.65574,3.564628,4.292786,0.5504,0.14874513385701604,1,9262344,57,13336,13340,13336,0.050684927000000046,,
profile-cpu-candidate,profile-cpu-candidate-r3,59.969138292252644,0.00161885,904727.4,1.828763,2.67236,3.263863,0.65004,0.09708103952441319,1,9688328,58,13024,13028,13024,0.05336610800000008,,
profile-alloc-candidate,profile-alloc-candidate-r3,59.99718265229701,0.001466191666666667,893463.9333333333,1.803255,2.641383,2.795095,0.951396,0.08796736922827579,1,9172232,40,12832,12836,12832,0.05003195599999999,,
overlap-bb,overlap-bb-r1,,,,,,,,,,,,,,,0.1277256320000001,18736,0.318758
overlap-bc,overlap-bc-r1,,,,,,,,,,,,,,,0.14832020999999984,24896,0.281459
overlap-bc,overlap-bc-r2,,,,,,,,,,,,,,,0.151684331,24796,0.268036
overlap-bb,overlap-bb-r2,,,,,,,,,,,,,,,0.13311451200000013,18796,0.28862699999999997
overlap-bb,overlap-bb-r3,,,,,,,,,,,,,,,0.135141937,18568,0.32762199999999997
overlap-bc,overlap-bc-r3,,,,,,,,,,,,,,,0.16183031199999998,24804,0.421647
concurrent_sse-baseline,concurrent_sse-baseline-r1,78.83678235485543,0.00240379375,1302461,42.344008,43.962027,44.348933,1.896883,0.1895073646947118,4,9590024,81,12920,12924,12920,0.05639394600000003,,
concurrent_sse-candidate,concurrent_sse-candidate-r1,78.90695190392205,0.0016181000000000001,901022.75,40.901539,42.947678,43.518772,2.325691,0.12767933887573626,4,9483528,54,12848,12852,12848,0.05707708499999986,,
concurrent_sse-candidate,concurrent_sse-candidate-r2,78.90693847844973,0.0017583874999999999,901029.4,41.823006,43.559509,44.285981,1.77571,0.13874897428377503,4,9311496,55,12824,12828,12824,0.06109379299999995,,
concurrent_sse-baseline,concurrent_sse-baseline-r2,78.86148249468175,0.0024380625,1302460,42.511204,43.890091,44.625171,1.870543,0.19226922316469003,4,9606408,81,13004,13008,13004,0.0573159270000001,,
concurrent_sse-baseline,concurrent_sse-baseline-r3,78.90206039228599,0.0023619375,1302451.25,42.366864,43.968823,44.449292,1.930844,0.186361735267805,4,9712904,80,12944,12948,12944,0.05468745800000008,,
concurrent_sse-candidate,concurrent_sse-candidate-r3,78.96301290304736,0.00173303125,901030.95,41.10666,43.218806,43.696805,1.976533,0.1368453689551343,4,9573640,55,12884,12888,12884,0.06124747500000005,,
