phase,path,is_directory,reason
install-0,staging/pending/owner.json,False,owned-download-or-extraction
install-0,staging/pending/package.tar.gz,False,owned-download-or-extraction
install-0,staging/pending,True,owned-download-or-extraction
update-01,staging/pending/owner.json,False,owned-download-or-extraction
update-01,staging/pending/package.tar.gz,False,owned-download-or-extraction
update-01,staging/pending,True,owned-download-or-extraction
update-02,staging/pending/owner.json,False,owned-download-or-extraction
update-02,staging/pending/package.tar.gz,False,owned-download-or-extraction
update-02,staging/pending,True,owned-download-or-extraction
update-03,releases/r001/lease,False,no-protected-version-reference
update-03,releases/r001/payload.bin,False,no-protected-version-reference
update-03,releases/r001/probe,False,no-protected-version-reference
update-03,releases/r001/release.json,False,no-protected-version-reference
update-03,releases/r001/version.txt,False,no-protected-version-reference
update-03,staging/pending/owner.json,False,owned-download-or-extraction
update-03,staging/pending/package.tar.gz,False,owned-download-or-extraction
update-03,objects/7ef8db372a5c7cb2cf46fefe87ed36e8b3e707247dcd78d38bae910ed64163f7-444,False,no-protected-version-reference
update-03,objects/8364d6b8d926ffa9b27d5bd14756496825abc78d64a4125a748b4adbfd6d9296-444,False,no-protected-version-reference
update-03,releases/r001,True,no-protected-version-reference
update-03,staging/pending,True,owned-download-or-extraction
update-04,releases/r002/lease,False,no-protected-version-reference
update-04,releases/r002/payload.bin,False,no-protected-version-reference
update-04,releases/r002/probe,False,no-protected-version-reference
update-04,releases/r002/release.json,False,no-protected-version-reference
update-04,releases/r002/version.txt,False,no-protected-version-reference
update-04,staging/pending/owner.json,False,owned-download-or-extraction
update-04,staging/pending/package.tar.gz,False,owned-download-or-extraction
update-04,objects/290ca4d11f2f76f8b8f1cceee2e1210eb1794aabf17382ddd999de1d23c98bfd-444,False,no-protected-version-reference
update-04,objects/318b5de27c64e65dd84da2d047893cbb423da5c481621f1f3600a8687ef7750a-444,False,no-protected-version-reference
update-04,releases/r002,True,no-protected-version-reference
update-04,staging/pending,True,owned-download-or-extraction
update-05,releases/r003/lease,False,no-protected-version-reference
update-05,releases/r003/payload.bin,False,no-protected-version-reference
update-05,releases/r003/probe,False,no-protected-version-reference
update-05,releases/r003/release.json,False,no-protected-version-reference
update-05,releases/r003/version.txt,False,no-protected-version-reference
update-05,staging/pending/owner.json,False,owned-download-or-extraction
update-05,staging/pending/package.tar.gz,False,owned-download-or-extraction
update-05,objects/96a6ea3f94913f5bc92bde8d26e6c411fbb27d987d63236fa848008a2360f8a6-444,False,no-protected-version-reference
update-05,objects/d1a2d39ded56a417aa4e6ba5d847638350d898851fd2b50c435b6f1ae53ecdee-444,False,no-protected-version-reference
update-05,releases/r003,True,no-protected-version-reference
update-05,staging/pending,True,owned-download-or-extraction
update-06,releases/r004/lease,False,no-protected-version-reference
update-06,releases/r004/payload.bin,False,no-protected-version-reference
update-06,releases/r004/probe,False,no-protected-version-reference
update-06,releases/r004/release.json,False,no-protected-version-reference
update-06,releases/r004/version.txt,False,no-protected-version-reference
update-06,staging/pending/owner.json,False,owned-download-or-extraction
update-06,staging/pending/package.tar.gz,False,owned-download-or-extraction
update-06,objects/4760bcbfc5b7fa8b8122d70c2448d52d7a9c73b0c44d037c52328742d6b12428-444,False,no-protected-version-reference
update-06,objects/6f1c772e450f334c60655a6b84261880c0beb44a55f9cfa2efe4f59d4e11a05a-444,False,no-protected-version-reference
update-06,releases/r004,True,no-protected-version-reference
update-06,staging/pending,True,owned-download-or-extraction
update-07,releases/r005/lease,False,no-protected-version-reference
update-07,releases/r005/payload.bin,False,no-protected-version-reference
update-07,releases/r005/probe,False,no-protected-version-reference
update-07,releases/r005/release.json,False,no-protected-version-reference
update-07,releases/r005/version.txt,False,no-protected-version-reference
update-07,staging/pending/owner.json,False,owned-download-or-extraction
update-07,staging/pending/package.tar.gz,False,owned-download-or-extraction
update-07,objects/0498e42035e692d886af085d498c45a31fbd7d8e5e90ba6d346f8269d6f20559-444,False,no-protected-version-reference
update-07,objects/61af8a2ff9c26ca2c13f27686386e986add6a64482a11d0d8cf897f6212ee81e-444,False,no-protected-version-reference
update-07,releases/r005,True,no-protected-version-reference
update-07,staging/pending,True,owned-download-or-extraction
update-08,releases/r006/lease,False,no-protected-version-reference
update-08,releases/r006/payload.bin,False,no-protected-version-reference
update-08,releases/r006/probe,False,no-protected-version-reference
update-08,releases/r006/release.json,False,no-protected-version-reference
update-08,releases/r006/version.txt,False,no-protected-version-reference
update-08,staging/pending/owner.json,False,owned-download-or-extraction
update-08,staging/pending/package.tar.gz,False,owned-download-or-extraction
update-08,objects/2530182eddea34f25812d2c47048b2aac032c6010c6d7bebd8bfb450f54d6df5-444,False,no-protected-version-reference
update-08,objects/6179e3c687be85fb81526f68ac132057e69706f8289c94afc09c5024f875ea02-444,False,no-protected-version-reference
update-08,releases/r006,True,no-protected-version-reference
update-08,staging/pending,True,owned-download-or-extraction
update-09,releases/r007/lease,False,no-protected-version-reference
update-09,releases/r007/payload.bin,False,no-protected-version-reference
update-09,releases/r007/probe,False,no-protected-version-reference
update-09,releases/r007/release.json,False,no-protected-version-reference
update-09,releases/r007/version.txt,False,no-protected-version-reference
update-09,staging/pending/owner.json,False,owned-download-or-extraction
update-09,staging/pending/package.tar.gz,False,owned-download-or-extraction
update-09,objects/64ca1c5710a72011e72536d32cff06ee30871c8331e20bb575ad370cab8be4a8-444,False,no-protected-version-reference
update-09,objects/899cfab58a9c9f401d4a24bb17dcb6e7f27960fccf28719e087c47aacfb45436-444,False,no-protected-version-reference
update-09,releases/r007,True,no-protected-version-reference
update-09,staging/pending,True,owned-download-or-extraction
update-10,releases/r008/lease,False,no-protected-version-reference
update-10,releases/r008/payload.bin,False,no-protected-version-reference
update-10,releases/r008/probe,False,no-protected-version-reference
update-10,releases/r008/release.json,False,no-protected-version-reference
update-10,releases/r008/version.txt,False,no-protected-version-reference
update-10,staging/pending/owner.json,False,owned-download-or-extraction
update-10,staging/pending/package.tar.gz,False,owned-download-or-extraction
update-10,objects/54e855a6c63dfdd5fd73139d2bf24cae83c006fd3d33486760c5001e40c2f62a-444,False,no-protected-version-reference
update-10,objects/ee9a49a1c7f774518ae1f4b891075240cf57250a7edbf5191ef3df24017cff10-444,False,no-protected-version-reference
update-10,releases/r008,True,no-protected-version-reference
update-10,staging/pending,True,owned-download-or-extraction
update-11,releases/r009/lease,False,no-protected-version-reference
update-11,releases/r009/payload.bin,False,no-protected-version-reference
update-11,releases/r009/probe,False,no-protected-version-reference
update-11,releases/r009/release.json,False,no-protected-version-reference
update-11,releases/r009/version.txt,False,no-protected-version-reference
update-11,staging/pending/owner.json,False,owned-download-or-extraction
update-11,staging/pending/package.tar.gz,False,owned-download-or-extraction
update-11,objects/23c5fcaca64e99755595e0e2a1a034b0069e822f1ce59ec39f0de790584aaa27-444,False,no-protected-version-reference
update-11,objects/c505f7319c231400dc3c607b413a7033612ae5c872aa87b2c4bd56329baa16f5-444,False,no-protected-version-reference
update-11,releases/r009,True,no-protected-version-reference
update-11,staging/pending,True,owned-download-or-extraction
update-12,releases/r010/lease,False,no-protected-version-reference
update-12,releases/r010/payload.bin,False,no-protected-version-reference
update-12,releases/r010/probe,False,no-protected-version-reference
update-12,releases/r010/release.json,False,no-protected-version-reference
update-12,releases/r010/version.txt,False,no-protected-version-reference
update-12,staging/pending/owner.json,False,owned-download-or-extraction
update-12,staging/pending/package.tar.gz,False,owned-download-or-extraction
update-12,objects/265980638ffaaf8b92ced860f29f0f7f5c779df49ed4a3c6c9b0bdbd15cde761-444,False,no-protected-version-reference
update-12,objects/a8ad53eff49eee28b77127fea599725dd9a50cf4eae1a916b6e55dffc7dbcb8d-444,False,no-protected-version-reference
update-12,releases/r010,True,no-protected-version-reference
update-12,staging/pending,True,owned-download-or-extraction
update-13,releases/r011/lease,False,no-protected-version-reference
update-13,releases/r011/payload.bin,False,no-protected-version-reference
update-13,releases/r011/probe,False,no-protected-version-reference
update-13,releases/r011/release.json,False,no-protected-version-reference
update-13,releases/r011/version.txt,False,no-protected-version-reference
update-13,staging/pending/owner.json,False,owned-download-or-extraction
update-13,staging/pending/package.tar.gz,False,owned-download-or-extraction
update-13,objects/0498f448c5a8082c2526b00a5c3cbcebef006ee836a64a368c566b6cf2ca69e6-444,False,no-protected-version-reference
update-13,objects/7887d0bb02848a73e2bf5aa808d529e65deb74fee82ee87abb857b00b0559162-444,False,no-protected-version-reference
update-13,releases/r011,True,no-protected-version-reference
update-13,staging/pending,True,owned-download-or-extraction
update-14,releases/r012/lease,False,no-protected-version-reference
update-14,releases/r012/payload.bin,False,no-protected-version-reference
update-14,releases/r012/probe,False,no-protected-version-reference
update-14,releases/r012/release.json,False,no-protected-version-reference
update-14,releases/r012/version.txt,False,no-protected-version-reference
update-14,staging/pending/owner.json,False,owned-download-or-extraction
update-14,staging/pending/package.tar.gz,False,owned-download-or-extraction
update-14,objects/581bbc964d8bdc26298d5ceb1d39001384f9f90a3358c0101d2db5899094303e-444,False,no-protected-version-reference
update-14,objects/b7acc0f9488e20e56a2946e2450262a3a714d2d28129f83dd6eb092ce627ab93-444,False,no-protected-version-reference
update-14,releases/r012,True,no-protected-version-reference
update-14,staging/pending,True,owned-download-or-extraction
update-15,releases/r013/lease,False,no-protected-version-reference
update-15,releases/r013/payload.bin,False,no-protected-version-reference
update-15,releases/r013/probe,False,no-protected-version-reference
update-15,releases/r013/release.json,False,no-protected-version-reference
update-15,releases/r013/version.txt,False,no-protected-version-reference
update-15,staging/pending/owner.json,False,owned-download-or-extraction
update-15,staging/pending/package.tar.gz,False,owned-download-or-extraction
update-15,objects/43a3e74836fe1dcbe64655c0da3a5e0630c4030cd554e1a3aca42b71122088a8-444,False,no-protected-version-reference
update-15,objects/671c2f5f855f14519333e11447ab95dcc956e07d7fc7dbf44b1f786ac3f2b57a-444,False,no-protected-version-reference
update-15,releases/r013,True,no-protected-version-reference
update-15,staging/pending,True,owned-download-or-extraction
update-16,releases/r014/lease,False,no-protected-version-reference
update-16,releases/r014/payload.bin,False,no-protected-version-reference
update-16,releases/r014/probe,False,no-protected-version-reference
update-16,releases/r014/release.json,False,no-protected-version-reference
update-16,releases/r014/version.txt,False,no-protected-version-reference
update-16,staging/pending/owner.json,False,owned-download-or-extraction
update-16,staging/pending/package.tar.gz,False,owned-download-or-extraction
update-16,objects/afedcc51121a5cfe236e851c88b3c329892335ee6f0f2c70063a0d8955a41e29-444,False,no-protected-version-reference
update-16,objects/cbdf4d2e5942550e2bfbf8657cfeb2c0364960feaafc31e7a4554e140e5aaa7c-444,False,no-protected-version-reference
update-16,releases/r014,True,no-protected-version-reference
update-16,staging/pending,True,owned-download-or-extraction
update-17,releases/r015/lease,False,no-protected-version-reference
update-17,releases/r015/payload.bin,False,no-protected-version-reference
update-17,releases/r015/probe,False,no-protected-version-reference
update-17,releases/r015/release.json,False,no-protected-version-reference
update-17,releases/r015/version.txt,False,no-protected-version-reference
update-17,staging/pending/owner.json,False,owned-download-or-extraction
update-17,staging/pending/package.tar.gz,False,owned-download-or-extraction
update-17,objects/37131d8d852772abc9acc52a23ead6d366c363c3505fe716aceed8a906e3fc05-444,False,no-protected-version-reference
update-17,objects/f6b0e27abc495c54dedd8c06bb81c11d1472780201307885f83d145357ce5e3b-444,False,no-protected-version-reference
update-17,releases/r015,True,no-protected-version-reference
update-17,staging/pending,True,owned-download-or-extraction
update-18,releases/r016/lease,False,no-protected-version-reference
update-18,releases/r016/payload.bin,False,no-protected-version-reference
update-18,releases/r016/probe,False,no-protected-version-reference
update-18,releases/r016/release.json,False,no-protected-version-reference
update-18,releases/r016/version.txt,False,no-protected-version-reference
update-18,staging/pending/owner.json,False,owned-download-or-extraction
update-18,staging/pending/package.tar.gz,False,owned-download-or-extraction
update-18,objects/a81307aa4399ab3520516d7ab22668a80f1eb7a97c5722d587eaf2646a7fbf7e-444,False,no-protected-version-reference
update-18,objects/c825a7f4befdf83449707cc030b509161a603929318bfd7871c7f861c2458163-444,False,no-protected-version-reference
update-18,releases/r016,True,no-protected-version-reference
update-18,staging/pending,True,owned-download-or-extraction
update-19,releases/r017/lease,False,no-protected-version-reference
update-19,releases/r017/payload.bin,False,no-protected-version-reference
update-19,releases/r017/probe,False,no-protected-version-reference
update-19,releases/r017/release.json,False,no-protected-version-reference
update-19,releases/r017/version.txt,False,no-protected-version-reference
update-19,staging/pending/owner.json,False,owned-download-or-extraction
update-19,staging/pending/package.tar.gz,False,owned-download-or-extraction
update-19,objects/14603dbb243fa0d8ea5666c41c1a20c6f3e11921ad64f2eb27accac8854f7ce9-444,False,no-protected-version-reference
update-19,objects/deda989d8086a728ecf0c05c55a67d3f5e6cffd1b81170607307f17cc683a3f9-444,False,no-protected-version-reference
update-19,releases/r017,True,no-protected-version-reference
update-19,staging/pending,True,owned-download-or-extraction
update-20,releases/r018/lease,False,no-protected-version-reference
update-20,releases/r018/payload.bin,False,no-protected-version-reference
update-20,releases/r018/probe,False,no-protected-version-reference
update-20,releases/r018/release.json,False,no-protected-version-reference
update-20,releases/r018/version.txt,False,no-protected-version-reference
update-20,staging/pending/owner.json,False,owned-download-or-extraction
update-20,staging/pending/package.tar.gz,False,owned-download-or-extraction
update-20,objects/7d6e6bc0b054547a1481869917a5325008111b3491c8ca79488fbcfbbb2315f4-444,False,no-protected-version-reference
update-20,objects/d0cafcb7e7f353f55359d73fc89b4cc9e296cef6a7ef62de131ffb519088e54f-444,False,no-protected-version-reference
update-20,releases/r018,True,no-protected-version-reference
update-20,staging/pending,True,owned-download-or-extraction
drain-exit,releases/r000/lease,False,no-protected-version-reference
drain-exit,releases/r000/payload.bin,False,no-protected-version-reference
drain-exit,releases/r000/probe,False,no-protected-version-reference
drain-exit,releases/r000/release.json,False,no-protected-version-reference
drain-exit,releases/r000/version.txt,False,no-protected-version-reference
drain-exit,objects/d841cb7f6ac19114c4ef8642f3899a2564c9b9f25bc338d34bb33b2773cf787b-444,False,no-protected-version-reference
drain-exit,objects/fbdc0b37423e95a739359d6110c7791a5d3f063a5816fb184c8b624ee2b5a0ce-444,False,no-protected-version-reference
drain-exit,releases/r000,True,no-protected-version-reference
