round,version,reasons
1,r000,live-lease;previous_verified;visible-process-reference
1,r001,current
2,r000,live-lease;visible-process-reference
2,r001,previous_verified
2,r002,current
3,r000,live-lease;visible-process-reference
3,r002,previous_verified
3,r003,current
4,r000,live-lease;visible-process-reference
4,r003,previous_verified
4,r004,current
5,r000,live-lease;visible-process-reference
5,r004,previous_verified
5,r005,current
6,r000,live-lease;visible-process-reference
6,r005,previous_verified
6,r006,current
7,r000,live-lease;visible-process-reference
7,r006,previous_verified
7,r007,current
8,r000,live-lease;visible-process-reference
8,r007,previous_verified
8,r008,current
9,r000,live-lease;visible-process-reference
9,r008,previous_verified
9,r009,current
10,r000,live-lease;visible-process-reference
10,r009,previous_verified
10,r010,current
11,r000,live-lease;visible-process-reference
11,r010,previous_verified
11,r011,current
12,r000,live-lease;visible-process-reference
12,r011,previous_verified
12,r012,current
13,r000,live-lease;visible-process-reference
13,r012,previous_verified
13,r013,current
14,r000,live-lease;visible-process-reference
14,r013,previous_verified
14,r014,current
15,r000,live-lease;visible-process-reference
15,r014,previous_verified
15,r015,current
16,r000,live-lease;visible-process-reference
16,r015,previous_verified
16,r016,current
17,r000,live-lease;visible-process-reference
17,r016,previous_verified
17,r017,current
18,r000,live-lease;visible-process-reference
18,r017,previous_verified
18,r018,current
19,r000,live-lease;visible-process-reference
19,r018,previous_verified
19,r019,current
20,r000,live-lease;visible-process-reference
20,r019,previous_verified
20,r020,current
after-drain-exit,r019,previous_verified
after-drain-exit,r020,current
