round,release_bytes,total_reachable_bytes,filesystem_used_bytes,peak_used_bytes,business_and_backup_bytes,diagnostic_bytes,retained_releases,deleted_entries,reclaimed_files_upper,free_inodes
1,561152,622592,622592,897024,36864,8192,2,3,270336,465
2,831488,905216,905216,1179648,45056,12288,3,3,270336,454
3,831488,913408,913408,1458176,53248,12288,3,11,540672,452
4,831488,921600,921600,1466368,61440,12288,3,11,540672,450
5,831488,929792,929792,1474560,69632,12288,3,11,540672,448
6,831488,937984,937984,1482752,77824,12288,3,11,540672,446
7,831488,946176,946176,1490944,86016,12288,3,11,540672,444
8,831488,954368,954368,1499136,94208,12288,3,11,540672,442
9,831488,962560,962560,1507328,102400,12288,3,11,540672,440
10,831488,970752,970752,1515520,110592,12288,3,11,540672,438
11,831488,978944,978944,1523712,118784,12288,3,11,540672,436
12,831488,987136,987136,1531904,126976,12288,3,11,540672,434
13,831488,995328,995328,1540096,135168,12288,3,11,540672,432
14,831488,1003520,1003520,1548288,143360,12288,3,11,540672,430
15,831488,1011712,1011712,1556480,151552,12288,3,11,540672,428
16,831488,1019904,1019904,1564672,159744,12288,3,11,540672,426
17,831488,1028096,1028096,1572864,167936,12288,3,11,540672,424
18,831488,1036288,1036288,1581056,176128,12288,3,11,540672,422
19,831488,1044480,1044480,1589248,184320,12288,3,11,540672,420
20,831488,1052672,1052672,1597440,192512,12288,3,11,540672,418
